<?xml version="1.0" encoding="UTF-8"?>
<project-private xmlns="http://www.netbeans.org/ns/project-private/1">
    <editor-bookmarks xmlns="http://www.netbeans.org/ns/editor-bookmarks/2" lastBookmarkId="0"/>
    <open-files xmlns="http://www.netbeans.org/ns/projectui-open-files/2">
        <group>
            <file>file:/D:/AED/Bag_Ankur_001619221/bag_ankur_001619221/Project/DAD/src/com/neu/userinterface/systemAdminWorkArea/ManageEnterpriseAdminJPanel.java</file>
            <file>file:/D:/AED/Bag_Ankur_001619221/bag_ankur_001619221/Project/DAD/src/com/neu/userinterface/patientRole/CallHospitalAdminPanel.java</file>
            <file>file:/D:/AED/Bag_Ankur_001619221/bag_ankur_001619221/Project/DAD/src/com/neu/userinterface/patientRole/MakeAnAppointmentPanel.java</file>
            <file>file:/D:/AED/Bag_Ankur_001619221/bag_ankur_001619221/Project/DAD/src/com/neu/userinterface/patientRole/AppointmentConfirmationPanel.java</file>
            <file>file:/D:/AED/Bag_Ankur_001619221/bag_ankur_001619221/Project/DAD/src/com/neu/userinterface/DoctorRole/ServicePatientsPanel.java</file>
            <file>file:/D:/AED/Bag_Ankur_001619221/bag_ankur_001619221/Project/DAD/src/com/neu/userinterface/patientRole/CallMessageUtility.java</file>
            <file>file:/D:/AED/Bag_Ankur_001619221/bag_ankur_001619221/Project/DAD/src/com/neu/userinterface/administrativeRole/ManageEmployeePanel.java</file>
            <file>file:/D:/AED/Bag_Ankur_001619221/bag_ankur_001619221/Project/DAD/src/com/neu/userinterface/LoginPanel.java</file>
            <file>file:/D:/AED/Bag_Ankur_001619221/bag_ankur_001619221/Project/DAD/src/com/neu/userinterface/UserSignUpPanel.java</file>
            <file>file:/D:/AED/Bag_Ankur_001619221/bag_ankur_001619221/Project/DAD/src/com/neu/userinterface/administrativeRole/HospitalAdminDashboard.java</file>
            <file>file:/D:/AED/Bag_Ankur_001619221/bag_ankur_001619221/Project/DAD/src/com/neu/business/ConfigureASystem.java</file>
            <file>file:/D:/AED/Bag_Ankur_001619221/bag_ankur_001619221/Project/DAD/src/com/neu/userinterface/DoctorRole/DoctorAdminDashboard.java</file>
            <file>file:/D:/AED/Bag_Ankur_001619221/bag_ankur_001619221/Project/DAD/src/com/neu/userinterface/patientRole/PatientWorkAreaPanel.java</file>
            <file>file:/D:/AED/Bag_Ankur_001619221/bag_ankur_001619221/Project/DAD/src/com/neu/userinterface/systemAdminWorkArea/ManageEnterpriseJPanel.java</file>
            <file>file:/D:/AED/Bag_Ankur_001619221/bag_ankur_001619221/Project/DAD/src/com/neu/userinterface/patientRole/MyReportPanel.java</file>
        </group>
    </open-files>
</project-private>
